nWaiting,csOccupied,loadBucket,Q_backoff,Q_admit,policy
0,0,0,0.0000,0.0000,BACKOFF
0,0,1,0.0000,0.0000,BACKOFF
0,0,2,0.0000,0.0000,BACKOFF
0,0,3,0.0000,0.0000,BACKOFF
0,1,0,0.0000,0.0000,BACKOFF
0,1,1,0.0000,0.0000,BACKOFF
0,1,2,0.0000,0.0000,BACKOFF
0,1,3,0.0000,0.0000,BACKOFF
1,0,0,-0.1638,-0.0002,ADMIT
1,0,1,-0.2143,-0.0002,ADMIT
1,0,2,0.0000,0.0000,BACKOFF
1,0,3,0.0000,0.0000,BACKOFF
1,1,0,-0.2238,-0.3938,BACKOFF
1,1,1,-0.4055,-0.2551,ADMIT
1,1,2,0.0000,0.0000,BACKOFF
1,1,3,0.0000,0.0000,BACKOFF
2,0,0,-0.5791,-0.3322,ADMIT
2,0,1,-0.8157,-0.4214,ADMIT
2,0,2,0.0000,0.0000,BACKOFF
2,0,3,0.0000,0.0000,BACKOFF
2,1,0,-0.4567,-0.8382,BACKOFF
2,1,1,-0.9291,-0.7779,ADMIT
2,1,2,0.0000,0.0000,BACKOFF
2,1,3,0.0000,0.0000,BACKOFF
3,0,0,-0.9168,-0.7579,ADMIT
3,0,1,-1.3102,-1.3718,BACKOFF
3,0,2,0.0000,0.0000,BACKOFF
3,0,3,0.0000,0.0000,BACKOFF
3,1,0,-1.2299,-1.0085,ADMIT
3,1,1,-1.2849,-1.0436,ADMIT
3,1,2,0.0000,0.0000,BACKOFF
3,1,3,0.0000,0.0000,BACKOFF
4,0,0,-0.8644,-0.9290,BACKOFF
4,0,1,-1.6038,-1.4387,ADMIT
4,0,2,0.0000,0.0000,BACKOFF
4,0,3,0.0000,0.0000,BACKOFF
4,1,0,-0.4894,-0.4853,ADMIT
4,1,1,-1.3267,-1.6988,BACKOFF
4,1,2,0.0000,0.0000,BACKOFF
4,1,3,0.0000,0.0000,BACKOFF
5,0,0,-0.3236,-0.3523,BACKOFF
5,0,1,-1.7345,-1.9418,BACKOFF
5,0,2,0.0000,0.0000,BACKOFF
5,0,3,0.0000,0.0000,BACKOFF
5,1,0,-0.2539,0.0000,ADMIT
5,1,1,-1.8690,-1.6586,ADMIT
5,1,2,-0.6524,0.0000,ADMIT
5,1,3,0.0000,0.0000,BACKOFF
6,0,0,0.0000,0.0000,BACKOFF
6,0,1,-0.5322,-0.6575,BACKOFF
6,0,2,0.0000,0.0000,BACKOFF
6,0,3,0.0000,0.0000,BACKOFF
6,1,0,0.0000,0.0000,BACKOFF
6,1,1,0.0000,0.0000,BACKOFF
6,1,2,0.0000,0.0000,BACKOFF
6,1,3,0.0000,0.0000,BACKOFF
