threads,method,meanWait_ms,ci95_ms,stdWait_ms,p99_ms,zdr_pct,contention_pct
2,RL-Sync,0.05972,0.01653,0.04173,0.21735,100.000,74.583
4,RL-Sync,0.53625,0.14785,0.47985,2.85100,61.250,93.875
6,RL-Sync,0.94226,0.31373,0.66643,3.90713,23.583,95.250
8,RL-Sync,1.12410,0.32477,0.83378,3.34812,10.979,98.458
2,FairMutex,0.19805,0.33830,1.15124,11.06687,97.833,4.083
4,FairMutex,0.46458,0.09888,0.28786,1.80460,86.667,98.042
6,FairMutex,0.90479,0.12542,0.91525,6.62653,11.917,93.389
8,FairMutex,1.19159,0.17624,0.31231,2.20150,3.479,98.083
2,CLH,0.05151,0.06288,0.29199,1.96112,99.167,48.167
4,CLH,3.14590,3.80193,10.80352,58.31293,93.917,70.958
6,CLH,26.56925,20.91100,42.92474,210.28560,67.028,71.056
8,CLH,114.22043,79.41732,92.89156,459.43677,21.146,97.688
2,ExpBackoff,0.08719,0.04044,0.41186,1.00715,98.000,60.083
4,ExpBackoff,0.33980,0.20396,2.58432,10.83990,95.250,43.667
6,ExpBackoff,0.39243,0.23272,2.60870,9.11858,93.028,61.083
8,ExpBackoff,0.95723,0.65522,6.78389,27.33522,91.729,58.667
