episode,rl_mean_wait_ms,mutex_baseline_ms
1,0.46808,0.71354
2,0.61720,0.71354
3,0.45726,0.71354
4,0.02161,0.71354
5,0.48598,0.71354
6,0.44867,0.71354
7,0.26309,0.71354
8,0.20992,0.71354
9,0.40785,0.71354
10,0.16319,0.71354
11,0.06392,0.71354
12,0.21943,0.71354
13,0.39792,0.71354
14,0.47687,0.71354
15,0.53927,0.71354
16,0.29363,0.71354
17,0.44821,0.71354
18,0.39419,0.71354
19,0.32732,0.71354
20,0.50311,0.71354
21,0.48385,0.71354
22,0.80418,0.71354
23,0.62322,0.71354
24,0.31184,0.71354
25,0.51941,0.71354
26,0.43284,0.71354
27,0.38153,0.71354
28,0.33911,0.71354
29,0.49440,0.71354
30,0.40597,0.71354
31,0.39088,0.71354
32,0.48007,0.71354
33,0.37595,0.71354
34,0.42369,0.71354
35,0.42614,0.71354
36,0.30546,0.71354
37,0.36433,0.71354
38,0.36931,0.71354
39,0.33239,0.71354
40,0.36076,0.71354
41,0.35853,0.71354
42,0.29183,0.71354
43,0.28058,0.71354
44,0.31918,0.71354
45,0.44197,0.71354
46,0.35714,0.71354
47,0.35866,0.71354
48,0.47017,0.71354
49,0.43918,0.71354
50,0.33165,0.71354
51,0.35247,0.71354
52,0.26122,0.71354
53,0.18853,0.71354
54,0.27905,0.71354
55,0.49032,0.71354
56,0.36429,0.71354
57,0.39701,0.71354
58,0.29413,0.71354
59,0.34436,0.71354
60,0.49216,0.71354
61,0.35582,0.71354
62,0.46045,0.71354
63,0.40398,0.71354
64,0.34758,0.71354
65,0.52893,0.71354
66,0.43364,0.71354
67,0.31161,0.71354
68,0.33629,0.71354
69,0.42242,0.71354
70,0.34426,0.71354
71,0.45599,0.71354
72,0.39322,0.71354
73,0.52996,0.71354
74,0.41824,0.71354
75,0.26562,0.71354
76,0.39394,0.71354
77,0.49331,0.71354
78,0.27757,0.71354
79,0.37605,0.71354
80,0.50601,0.71354
81,0.27016,0.71354
82,0.50316,0.71354
83,0.33386,0.71354
84,0.48773,0.71354
85,0.36566,0.71354
86,0.35084,0.71354
87,0.35084,0.71354
88,0.49961,0.71354
89,0.35449,0.71354
90,0.27232,0.71354
91,0.36775,0.71354
92,0.36407,0.71354
93,0.50591,0.71354
94,0.33392,0.71354
95,0.33590,0.71354
96,0.40413,0.71354
97,0.37280,0.71354
98,0.34566,0.71354
99,0.21701,0.71354
100,0.26968,0.71354
101,0.41143,0.71354
102,0.36527,0.71354
103,0.36976,0.71354
104,0.41178,0.71354
105,0.37221,0.71354
106,0.37883,0.71354
107,0.52712,0.71354
108,0.35216,0.71354
109,0.39235,0.71354
110,0.39695,0.71354
111,0.34390,0.71354
112,0.25841,0.71354
113,0.11686,0.71354
114,0.17928,0.71354
115,0.34486,0.71354
116,0.38446,0.71354
117,0.51283,0.71354
118,0.35374,0.71354
119,0.37413,0.71354
120,0.28168,0.71354
121,0.41779,0.71354
122,0.32607,0.71354
123,0.51398,0.71354
124,0.38035,0.71354
125,0.36464,0.71354
126,0.28222,0.71354
127,0.43405,0.71354
128,0.50580,0.71354
129,0.16584,0.71354
130,0.38476,0.71354
131,0.46443,0.71354
132,0.42047,0.71354
133,0.27303,0.71354
134,0.18237,0.71354
135,0.31464,0.71354
136,0.38596,0.71354
137,0.44254,0.71354
138,0.34057,0.71354
139,0.28616,0.71354
140,0.39468,0.71354
141,0.37941,0.71354
142,0.38201,0.71354
143,0.39091,0.71354
144,0.57903,0.71354
145,0.61620,0.71354
146,0.33064,0.71354
147,0.40177,0.71354
148,0.35554,0.71354
149,0.43052,0.71354
150,0.37598,0.71354
151,0.45131,0.71354
152,0.27736,0.71354
153,0.29245,0.71354
154,0.49359,0.71354
155,0.35781,0.71354
156,0.47808,0.71354
157,0.38296,0.71354
158,0.35987,0.71354
159,0.47915,0.71354
160,0.49091,0.71354
161,0.33491,0.71354
162,0.45104,0.71354
163,0.22554,0.71354
164,0.46809,0.71354
165,0.47777,0.71354
166,0.32593,0.71354
167,0.49593,0.71354
168,0.38280,0.71354
169,0.46492,0.71354
170,0.32680,0.71354
171,0.32889,0.71354
172,0.35643,0.71354
173,0.22593,0.71354
174,0.37101,0.71354
175,0.30704,0.71354
176,0.34624,0.71354
177,0.35365,0.71354
178,0.39542,0.71354
179,0.33816,0.71354
180,0.39263,0.71354
181,0.21799,0.71354
182,0.25538,0.71354
183,0.45837,0.71354
184,0.50125,0.71354
185,0.30027,0.71354
186,0.37377,0.71354
187,0.50579,0.71354
188,0.27310,0.71354
189,0.57247,0.71354
190,0.61197,0.71354
191,0.22034,0.71354
192,0.27405,0.71354
193,0.30117,0.71354
194,0.23798,0.71354
195,0.37887,0.71354
196,0.33608,0.71354
197,0.31236,0.71354
198,0.20850,0.71354
199,0.38958,0.71354
200,0.40627,0.71354
201,0.54130,0.71354
202,0.39945,0.71354
203,0.23788,0.71354
204,0.46520,0.71354
205,0.39430,0.71354
206,0.32837,0.71354
207,0.26717,0.71354
208,0.23003,0.71354
209,0.35819,0.71354
210,0.56386,0.71354
211,0.48193,0.71354
212,0.19567,0.71354
213,0.22258,0.71354
214,0.24352,0.71354
215,0.42324,0.71354
216,0.31516,0.71354
217,0.33216,0.71354
218,0.40225,0.71354
219,0.24630,0.71354
220,0.26306,0.71354
