threads,metric,mean_A,mean_B,delta_pct,welch_t,cohens_d
2,meanWait,0.06002,0.04084,-46.96,2.0459,1.2940
2,stdWait,0.03702,0.03734,0.83,-0.0535,-0.0338
2,p99,0.14268,0.16277,12.34,-0.4267,-0.2699
2,zdr,100.00000,100.00000,0.00,NaN,0.0000
2,contention,74.08333,0.16667,-44350.00,15.8732,10.0391
4,meanWait,0.40305,0.38985,-3.39,1.3873,0.8774
4,stdWait,0.07888,0.07077,-11.46,0.3354,0.2121
4,p99,0.72308,0.60418,-19.68,0.8501,0.5376
4,zdr,93.58333,95.50000,2.01,-0.4665,-0.2951
4,contention,99.29167,98.70833,-0.59,1.9799,1.2522
6,meanWait,0.75443,0.72008,-4.77,4.1870,2.6481
6,stdWait,0.15155,0.08140,-86.18,4.2718,2.7017
6,p99,1.17972,0.85652,-37.73,4.1099,2.5993
6,zdr,3.25000,1.86111,-74.63,1.9079,1.2067
6,contention,99.58333,99.36111,-0.22,1.9290,1.2200
8,meanWait,1.14166,1.10486,-3.33,0.4161,0.2632
8,stdWait,0.30263,0.21082,-43.55,1.6792,1.0620
8,p99,1.77208,1.44013,-23.05,1.9998,1.2648
8,zdr,6.56250,2.77083,-136.84,1.3051,0.8254
8,contention,99.22917,98.50000,-0.74,1.4305,0.9048
